<?xml version="1.0" encoding="UTF-8"?>
<beans xmlns="http://www.springframework.org/schema/beans"
	xmlns:xsi="http://www.w3.org/2001/XMLSchema-instance"
	xsi:schemaLocation="http://www.springframework.org/schema/beans http://www.springframework.org/schema/beans/spring-beans.xsd">

	<bean class="com.cg.ioc.Employee" id="emp1">

		<property name="employeeId" value="173573" />
		<property name="employeeName" value="Gulam Shaikh" />
		<property name="businessUnit" value="JEE-BU" />
		<property name="salary" value="25000" />
		<property name="age" value="23"></property>

	</bean>
	<bean class="com.cg.ioc.Employee" id="emp2">

		<property name="employeeId" value="173574" />
		<property name="employeeName" value="Pranali" />
		<property name="businessUnit" value="JEE-BU" />
		<property name="salary" value="20000" />
		<property name="age" value="25"></property>

	</bean>

	<bean class="com.cg.ioc.SBU" id="sbu">
		<property name="sbuId" value="123" />
		<property name="sbuName" value="Java" />
		<property name="sbuHead" value="Pradnya" />
		<property name="empList">
		<list>
		<ref bean="emp1"/>
		<ref bean="emp2"/>
		</list>
		</property>
	</bean>


</beans>
