<?xml version="1.0" encoding="UTF-8"?>
<beans xmlns="http://www.springframework.org/schema/beans"
	xmlns:xsi="http://www.w3.org/2001/XMLSchema-instance"
	xsi:schemaLocation="http://www.springframework.org/schema/beans http://www.springframework.org/schema/beans/spring-beans.xsd">
	
	<bean id="employee" class="com.cg.ioc.Employee">
		<property name="employeId" value="123"></property>
		<property name="employeeName" value="Ankush"></property>
		<property name="salary" value="15000"></property>
		<property name="businessUnit" value="Full_Stack"></property>
		<property name="age" value="23"></property>

	</bean>
	<bean id="sbu" class="com.cg.ioc.SBU">
		<property name="sbuId" value="123"></property>
		<property name="sbuName" value="Polo"></property>
		<property name="sbuHead" value="Ankush"></property>
		<property name="employeeList">
		<list>
		<ref bean="employee"/>
		<ref bean="employee1"/>
		</list>
		</property>


	</bean>
<bean id="employee1" class="com.cg.ioc.Employee">
		<property name="employeId" value="122"></property>
		<property name="employeeName" value="Mayuresh"></property>
		<property name="salary" value="14000"></property>
		<property name="businessUnit" value="Full_Stack_Developer"></property>
		<property name="age" value="23"></property>

	</bean>

</beans>
