<?xml version="1.0" encoding="UTF-8"?>
<beans xmlns="http://www.springframework.org/schema/beans"
	xmlns:xsi="http://www.w3.org/2001/XMLSchema-instance"
	xsi:schemaLocation="http://www.springframework.org/schema/beans http://www.springframework.org/schema/beans/spring-beans-4.3.xsd">

<bean id="employeeBean" class="com.cg.bean.Employee">
	<property name="empAge" value="30"></property>
	<property name="empId" value="12345" />
	<property name="empName" value="Harriet" />
	<property name="empSalary" value="40000.0" />
</bean>

<bean id="sbuBean" class="com.cg.bean.SBU">
	<property name="sbuCode" value="PES-BU"></property>
	<property name="sbuName" value="Product Engineering Services"></property>
	<property name="sbuHead" value="Kiran Rao"></property>
	<property name="empList" ref="employeeBean"></property>
</bean>
</beans>
