<?xml version="1.0" encoding="UTF-8"?>
<beans xmlns="http://www.springframework.org/schema/beans"
	xmlns:xsi="http://www.w3.org/2001/XMLSchema-instance"
	xsi:schemaLocation="http://www.springframework.org/schema/beans http://www.springframework.org/schema/beans/spring-beans-4.3.xsd">

<bean id="employeeBean" class="com.cg.bean.Employee">
	<property name="employeeId" value="12345" />
	<property name="employeeName" value="Harriet" />
	<property name="salary" value="40000.0" />
	<property name="empBU" value="Learning and development" />
	<property name="sbu" ref="sbuBean" />
</bean>

<bean id="sbuBean" class="com.cg.bean.SBU">
	<property name="sbuId" value="201"></property>
	<property name="sbuName" value="LnD"></property>
	<property name="sbuHead" value="Bharti"></property>
</bean>
</beans>
