<?xml version="1.0" encoding="UTF-8"?>
<beans xmlns="http://www.springframework.org/schema/beans"
	xmlns:xsi="http://www.w3.org/2001/XMLSchema-instance"
	xsi:schemaLocation="http://www.springframework.org/schema/beans http://www.springframework.org/schema/beans/spring-beans.xsd">

<bean id="employeebean" class="lab1assign.Employee">
  <constructor-arg  value="100"></constructor-arg>
  <constructor-arg   value="Rishi"></constructor-arg>
  <constructor-arg  value="50000.00"></constructor-arg>
  <constructor-arg  value="IT"></constructor-arg>
  <constructor-arg  value="22"></constructor-arg> 

</bean>


</beans>
