<?xml version="1.0" encoding="UTF-8"?>
<beans xmlns="http://www.springframework.org/schema/beans"
	xmlns:xsi="http://www.w3.org/2001/XMLSchema-instance"
	xsi:schemaLocation="http://www.springframework.org/schema/beans http://www.springframework.org/schema/beans/spring-beans-3.2.xsd">

<bean id="sbu" class="Lab1.third.Sbu">
<property name="sbuId" value="PES-BU"></property>
<property name="sbuHead" value="Kiran Rao"/>
<property name="sbuName" value="Product Enginering Services"/>
<property name="emp">
<list>
<ref bean="emp"/>
<ref bean="emp2"/>
</list>
</property>
</bean>

<bean id="emp" class="Lab1.third.Employee">
<property name="employeeId" value="12345"/>
<property name="employeeName" value="Harriet"/>
<property name="salary" value="40000"/>
<property name="businessUnit" value="PES-BU"/>
<property name="age" value="30"/>
</bean>

<bean id="emp2" class="Lab1.third.Employee">
<property name="employeeId" value="12346"/>
<property name="employeeName" value="Steve"/>
<property name="salary" value="50000"/>
<property name="businessUnit" value="PES-BU"/>
<property name="age" value="35"/>
</bean>


</beans>
