<?xml version="1.0" encoding="UTF-8"?>
<beans xmlns="http://www.springframework.org/schema/beans"
	xmlns:xsi="http://www.w3.org/2001/XMLSchema-instance"
	xmlns:context="http://www.springframework.org/schema/context"
	xsi:schemaLocation="http://www.springframework.org/schema/beans http://www.springframework.org/schema/beans/spring-beans-3.2.xsd
		http://www.springframework.org/schema/context http://www.springframework.org/schema/context/spring-context-3.2.xsd">

	<context:component-scan base-package="Lab1.four" />
	<bean id="empbean" class="Lab1.four.Employee">
		<property name="employeeId" value="113550"></property>
		<property name="employeeName" value="Steve"></property>
		<property name="salary" value="150000"></property>
	</bean>

	<bean id="empbean2" class="Lab1.four.Employee">
		<property name="employeeId" value="115468"></property>
		<property name="employeeName" value="Robert"></property>
		<property name="salary" value="200000"></property>
	</bean>

</beans>
