<?xml version="1.0" encoding="UTF-8"?>
<beans xmlns="http://www.springframework.org/schema/beans"
	xmlns:xsi="http://www.w3.org/2001/XMLSchema-instance"
	xsi:schemaLocation="http://www.springframework.org/schema/beans http://www.springframework.org/schema/beans/spring-beans-4.3.xsd">

<bean id="employeeBean" class="com.cg.bean.Employee">
	<property name="empId" value="100" />
	<property name="empName" value="Rama" />
	<property name="empSalary" value="12345.67" />
</bean>

<bean id="empBean" class="com.cg.bean.Employee">
	<property name="empId" value="200" />
	<property name="empName" value="Madhav" />
	<property name="empSalary" value="20000.00" />
</bean>
</beans>
