<?xml version="1.0" encoding="UTF-8"?>
<beans xmlns="http://www.springframework.org/schema/beans"
	xmlns:xsi="http://www.w3.org/2001/XMLSchema-instance"
	xsi:schemaLocation="http://www.springframework.org/schema/beans http://www.springframework.org/schema/beans/spring-beans.xsd">

	<bean class="com.cg.ioc.Employee" id="emp">
	
	<property name="employeeId" value="173573"/>
	<property name="employeeName" value="Gulam Shaikh"/>
	<property name="businessUnit" value="JEE-BU"/>
	<property name="salary" value="25000"/>
	<property name="age" value="23"></property>
	<property name="sbu" ref="sbu"></property>
	</bean>
	
	<bean class="com.cg.ioc.SBU" id="sbu">
		<property name="sbuId" value="123"/>
		<property name="sbuName" value="Java"/>
		<property name="sbuHead" value="mumbai"/>
	
	
	</bean>

</beans>
