<?xml version="1.0" encoding="UTF-8"?>
<beans xmlns="http://www.springframework.org/schema/beans"
	xmlns:xsi="http://www.w3.org/2001/XMLSchema-instance"
	xsi:schemaLocation="http://www.springframework.org/schema/beans http://www.springframework.org/schema/beans/spring-beans.xsd">


	<bean id="employeebean" class="com.cg.bean.Employee">
		<constructor-arg value="100"></constructor-arg>
		<constructor-arg value="Rishi"></constructor-arg>
		<constructor-arg value="50000.00"></constructor-arg>
		<constructor-arg value="IT"></constructor-arg>
		<constructor-arg value="22"></constructor-arg>
		<constructor-arg ref="sbu"></constructor-arg>

	</bean>

	<bean id="sbu" class="com.cg.bean.Sbu">
		<constructor-arg value="200"></constructor-arg>
		<constructor-arg value="Jack"></constructor-arg>
		<constructor-arg value="Rishikesh"></constructor-arg>
	</bean>

</beans>
