<?xml version="1.0" encoding="UTF-8"?>
<beans xmlns="http://www.springframework.org/schema/beans"
	xmlns:xsi="http://www.w3.org/2001/XMLSchema-instance"
	xsi:schemaLocation="http://www.springframework.org/schema/beans http://www.springframework.org/schema/beans/spring-beans.xsd">


	<bean id="sbubean" class="com.cg.Sbu">
		<constructor-arg value="200"></constructor-arg>
		<constructor-arg value="L and D"></constructor-arg>
		<constructor-arg value="Kavita"></constructor-arg>
		<constructor-arg ref="employeebean"></constructor-arg>
	</bean>
	
	<bean id="employeebean" class="com.cg.Employee">
	<constructor-arg value="100"></constructor-arg>
	<constructor-arg value="Jack"></constructor-arg>
	<constructor-arg value="20000.00"></constructor-arg>
	</bean>
	
	

</beans>
